{"cameraMode":{"drawMode":0,"name":"Shaded","section":"Shading Mode"},"sceneLighting":true,"audioPlay":false,"sceneViewState":{"m_AlwaysRefresh":false,"showFog":true,"showSkybox":true,"showFlares":true,"showImageEffects":true,"showParticleSystems":true,"showVisualEffectGraphs":true,"m_FxEnabled":true},"in2DMode":false,"pivot":{"x":26.926328659057618,"y":7.79718017578125,"z":-13.383743286132813},"rotation":{"x":0.32995718717575076,"y":0.014724329113960266,"z":-0.005150520708411932,"w":0.9438796639442444},"size":113.29414367675781,"orthographic":false}