{"cameraMode":{"drawMode":0,"name":"Shaded","section":"Shading Mode"},"sceneLighting":true,"audioPlay":false,"sceneViewState":{"m_AlwaysRefresh":false,"showFog":true,"showSkybox":true,"showFlares":true,"showImageEffects":true,"showParticleSystems":true,"showVisualEffectGraphs":true,"m_FxEnabled":true},"in2DMode":false,"pivot":{"x":27.281455993652345,"y":16.58340072631836,"z":19.286237716674806},"rotation":{"x":-0.2211727797985077,"y":-0.04091529920697212,"z":0.009320919401943684,"w":-0.9743667244911194},"size":59.12013244628906,"orthographic":true}