{"cameraMode":{"drawMode":0,"name":"Shaded","section":"Shading Mode"},"sceneLighting":true,"audioPlay":false,"sceneViewState":{"m_AlwaysRefresh":false,"showFog":true,"showSkybox":true,"showFlares":true,"showImageEffects":true,"showParticleSystems":true,"showVisualEffectGraphs":true,"m_FxEnabled":true},"in2DMode":false,"pivot":{"x":10.805720329284668,"y":2.318859100341797,"z":-19.056564331054689},"rotation":{"x":0.272716760635376,"y":-0.30031731724739077,"z":0.09004145115613938,"w":0.9095848202705383},"size":16.522098541259767,"orthographic":false}