{"cameraMode":{"drawMode":0,"name":"Shaded","section":"Shading Mode"},"sceneLighting":true,"audioPlay":false,"sceneViewState":{"m_AlwaysRefresh":false,"showFog":true,"showSkybox":true,"showFlares":true,"showImageEffects":true,"showParticleSystems":true,"showVisualEffectGraphs":true,"m_FxEnabled":true},"in2DMode":false,"pivot":{"x":15.135095596313477,"y":34.94541549682617,"z":-43.00160217285156},"rotation":{"x":-0.2848168909549713,"y":0.17707212269306184,"z":-0.053560663014650348,"w":-0.9406225085258484},"size":10.699957847595215,"orthographic":true}