{"cameraMode":{"drawMode":0,"name":"Shaded","section":"Shading Mode"},"sceneLighting":true,"audioPlay":false,"sceneViewState":{"m_AlwaysRefresh":false,"showFog":true,"showSkybox":true,"showFlares":true,"showImageEffects":true,"showParticleSystems":true,"showVisualEffectGraphs":true,"m_FxEnabled":true},"in2DMode":false,"pivot":{"x":2.1920604705810549,"y":4.6271867752075199,"z":-48.5666389465332},"rotation":{"x":-0.0517265759408474,"y":0.08026741445064545,"z":-0.004107749555259943,"w":-0.9954676628112793},"size":4.9902729988098148,"orthographic":true}