{"cameraMode":{"drawMode":0,"name":"Shaded","section":"Shading Mode"},"sceneLighting":true,"audioPlay":false,"sceneViewState":{"m_AlwaysRefresh":false,"showFog":true,"showSkybox":true,"showFlares":true,"showImageEffects":true,"showParticleSystems":true,"showVisualEffectGraphs":true,"m_FxEnabled":true},"in2DMode":false,"pivot":{"x":4.272912979125977,"y":10.292905807495118,"z":-41.4465217590332},"rotation":{"x":0.30826181173324587,"y":-0.030607882887125016,"z":0.009823012165725232,"w":0.9508225321769714},"size":30.72635269165039,"orthographic":true}