{"cameraMode":{"drawMode":0,"name":"Shaded","section":"Shading Mode"},"sceneLighting":true,"audioPlay":false,"sceneViewState":{"m_AlwaysRefresh":false,"showFog":true,"showSkybox":true,"showFlares":true,"showImageEffects":true,"showParticleSystems":true,"showVisualEffectGraphs":true,"m_FxEnabled":true},"in2DMode":false,"pivot":{"x":28.006065368652345,"y":-10.22355842590332,"z":-27.902284622192384},"rotation":{"x":0.17445358633995057,"y":0.7049791216850281,"z":-0.18579483032226563,"w":0.6618846654891968},"size":31.308645248413087,"orthographic":false}